{"1581203":{"project_id":1004912,"name":"Main Scene","created":"2015-09-30T09:01:59.840Z","settings":{"priority_scripts":[],"physics":{"gravity":[0,-9.8,0]},"render":{"fog_end":1000,"fog_start":1,"global_ambient":[0.1568627450980392,0.23529411764705882,0.3137254901960784],"tonemapping":0,"fog_color":[0,0,0],"fog":"none","skybox":null,"fog_density":0.01,"gamma_correction":1,"exposure":1.5,"lightmapSizeMultiplier":16,"lightmapMaxResolution":2048,"lightmapMode":0,"skyboxIntensity":1,"skyboxMip":0,"skyboxRotation":[0,0,0]}},"scene":1581203,"entities":{"e8ae5045-6751-11e5-b4ba-8438356164ca":{"scale":[1,1,1],"name":"light-red","parent":"e8ae4acf-6751-11e5-8a1b-8438356164ca","resource_id":"e8ae5045-6751-11e5-b4ba-8438356164ca","enabled":true,"components":{"light":{"normalOffsetBias":0,"color":[1,0.28627450980392155,0],"falloffMode":0,"shadowResolution":1024,"outerConeAngle":45,"enabled":true,"range":10,"castShadows":false,"intensity":0.98,"innerConeAngle":40,"shadowBias":0.05,"shadowDistance":40,"type":"directional","bake":false,"affectDynamic":true,"affectLightmapped":false,"shadowUpdateMode":2,"shadowType":0,"vsmBlurMode":0,"vsmBlurSize":5,"vsmBias":0.0025,"cookieAsset":null,"isStatic":false,"bakeDir":true,"cookieIntensity":1,"cookieFalloff":true,"cookieChannel":"rgb","cookieAngle":0,"cookieScale":[1,1],"cookieOffset":[0,0],"shape":0,"numCascades":1,"cascadeDistribution":0.5,"layers":[0]}},"position":[0,0,0],"rotation":[67.57791137695312,-26.751529693603516,15.687677383422852],"children":[],"tags":[]},"e8ae4254-6751-11e5-bd2a-8438356164ca":{"scale":[1,1,1],"name":"scene","parent":null,"resource_id":"e8ae4254-6751-11e5-bd2a-8438356164ca","labels":[],"enabled":true,"components":{"pack":{}},"position":[0,0,0],"rotation":[0,0,0],"children":["e8ae4acf-6751-11e5-8a1b-8438356164ca","e8ae4e82-6751-11e5-8a5f-8438356164ca","e8ae4f87-6751-11e5-b6f2-8438356164ca","e8ae461c-6751-11e5-b2b0-8438356164ca","e8ae5685-6751-11e5-8804-8438356164ca"],"template":null,"tags":[]},"75f1389b-0738-4a50-9e68-439ba7a65445":{"scale":[1,1,1],"name":"plain","parent":"e8ae461c-6751-11e5-b2b0-8438356164ca","resource_id":"75f1389b-0738-4a50-9e68-439ba7a65445","enabled":true,"components":{"rigidbody":{"linearDamping":0,"enabled":true,"friction":0.5,"mass":1,"angularDamping":0,"linearFactor":[1,1,1],"type":"static","angularFactor":[1,1,1],"restitution":0.5},"collision":{"enabled":true,"halfExtents":[0.5,0.5,0.5],"height":2,"radius":0.5,"asset":109363769,"type":"mesh","axis":1,"renderAsset":null}},"position":[0,1,-1.8],"rotation":[0,0,0],"children":["61d5256b-3cc9-412b-86c0-5fc92445a7fc"],"tags":[]},"e8ae4e82-6751-11e5-8a5f-8438356164ca":{"scale":[1,1,1],"name":"lights","parent":"e8ae4254-6751-11e5-bd2a-8438356164ca","resource_id":"e8ae4e82-6751-11e5-8a5f-8438356164ca","enabled":true,"components":{},"position":[0,0,0],"rotation":[0,0,0],"children":["e8ae43ee-6751-11e5-940f-8438356164ca","e8ae5745-6751-11e5-9857-8438356164ca"],"tags":[]},"e8ae5685-6751-11e5-8804-8438356164ca":{"scale":[1,1,1],"name":"teleporters","parent":"e8ae4254-6751-11e5-bd2a-8438356164ca","resource_id":"e8ae5685-6751-11e5-8804-8438356164ca","enabled":true,"components":{},"position":[0,0,0],"rotation":[0,0,0],"children":["e8ae53fa-6751-11e5-a1e8-8438356164ca","13bdeb08-a3c1-4e69-9551-343c8bb3deed"],"tags":[]},"0a8850b3-9d68-46d9-90ca-a7db4f407c66":{"scale":[1,1,1],"name":"end","parent":"e8ae461c-6751-11e5-b2b0-8438356164ca","resource_id":"0a8850b3-9d68-46d9-90ca-a7db4f407c66","enabled":true,"components":{"rigidbody":{"linearDamping":0,"enabled":true,"friction":0.5,"mass":1,"angularDamping":0,"linearFactor":[1,1,1],"type":"static","angularFactor":[1,1,1],"restitution":0.5},"collision":{"enabled":true,"halfExtents":[0.5,0.5,0.5],"height":2,"radius":0.5,"asset":109363773,"type":"mesh","axis":1,"renderAsset":null}},"position":[0,1,-2.8],"rotation":[180,180,180],"children":["cc0d663c-5553-49f7-bf09-34ce12d81bed"],"tags":[]},"0f35774b-3064-46d2-8b40-c31a13349711":{"scale":[1,1,1],"name":"plain","parent":"e8ae461c-6751-11e5-b2b0-8438356164ca","resource_id":"0f35774b-3064-46d2-8b40-c31a13349711","enabled":true,"components":{"rigidbody":{"linearDamping":0,"enabled":true,"friction":0.5,"mass":1,"angularDamping":0,"linearFactor":[1,1,1],"type":"static","angularFactor":[1,1,1],"restitution":0.5},"collision":{"enabled":true,"halfExtents":[0.5,0.5,0.5],"height":2,"radius":0.5,"asset":109363769,"type":"mesh","axis":1,"renderAsset":null}},"position":[0,1,-0.8564548492431641],"rotation":[0,0,0],"children":["e90d728c-88bd-4eb4-862f-94fc0ac7b131"],"tags":[]},"13fdaa44-2b3f-4bf3-9f65-ba21411d13ab":{"scale":[1,1,1],"name":"plain","parent":"e8ae461c-6751-11e5-b2b0-8438356164ca","resource_id":"13fdaa44-2b3f-4bf3-9f65-ba21411d13ab","enabled":true,"components":{"rigidbody":{"linearDamping":0,"enabled":true,"friction":0.5,"mass":1,"angularDamping":0,"linearFactor":[1,1,1],"type":"static","angularFactor":[1,1,1],"restitution":0.5},"collision":{"enabled":true,"halfExtents":[0.5,0.5,0.5],"height":2,"radius":0.5,"asset":109363769,"type":"mesh","axis":1,"renderAsset":null}},"position":[0,1,1.2000000476837158],"rotation":[0,0,0],"children":["a081a45d-8471-4458-86c6-5b2a9e3184e9"],"tags":[]},"e8ae461c-6751-11e5-b2b0-8438356164ca":{"scale":[1,1,1],"name":"platforms","parent":"e8ae4254-6751-11e5-bd2a-8438356164ca","resource_id":"e8ae461c-6751-11e5-b2b0-8438356164ca","enabled":true,"components":{},"position":[0,1,0],"rotation":[0,0,0],"children":["e8ae4887-6751-11e5-97f5-8438356164ca","0a8850b3-9d68-46d9-90ca-a7db4f407c66","e8ae4b8a-6751-11e5-8f76-8438356164ca","13fdaa44-2b3f-4bf3-9f65-ba21411d13ab","75f1389b-0738-4a50-9e68-439ba7a65445","0f35774b-3064-46d2-8b40-c31a13349711"],"tags":[]},"e8ae4f87-6751-11e5-b6f2-8438356164ca":{"scale":[1,1,1],"name":"ball","parent":"e8ae4254-6751-11e5-bd2a-8438356164ca","resource_id":"e8ae4f87-6751-11e5-b6f2-8438356164ca","enabled":true,"components":{"rigidbody":{"linearDamping":0,"enabled":true,"friction":0.5,"mass":1,"angularDamping":0,"linearFactor":[0.7,0.7,0.7],"type":"dynamic","angularFactor":[1,1,1],"restitution":1},"collision":{"enabled":true,"halfExtents":[0.5,0.5,0.5],"height":2,"radius":0.25,"asset":null,"type":"sphere","axis":1,"renderAsset":null},"script":{"enabled":true,"order":["movement","teleportable"],"scripts":{"movement":{"enabled":true,"attributes":{"speed":0.1}},"teleportable":{"enabled":true,"attributes":{}}}}},"position":[0,2.5,3],"rotation":[0,0,0],"children":["fcbfffcf-35c0-4a83-a6fd-9ebd1230becb"],"tags":[]},"e8ae53fa-6751-11e5-a1e8-8438356164ca":{"scale":[0.5,0.05,0.5],"name":"teleport-a","parent":"e8ae5685-6751-11e5-8804-8438356164ca","resource_id":"e8ae53fa-6751-11e5-a1e8-8438356164ca","enabled":true,"components":{"collision":{"enabled":true,"halfExtents":[0.5,0.5,0.5],"height":0.25,"radius":0.25,"asset":null,"type":"cylinder","axis":1,"renderAsset":null},"script":{"enabled":true,"order":["teleport"],"scripts":{"teleport":{"enabled":true,"attributes":{"target":null}}}},"render":{"enabled":true,"type":"cylinder","asset":null,"materialAssets":[null],"layers":[0],"batchGroupId":null,"castShadows":true,"castShadowsLightmap":true,"receiveShadows":true,"lightmapped":false,"lightmapSizeMultiplier":1,"castShadowsLightMap":true,"lightMapped":false,"lightMapSizeMultiplier":1,"isStatic":false,"rootBone":null}},"position":[0,2.125,3],"rotation":[0,0,0],"children":[],"tags":[]},"e8ae4acf-6751-11e5-8a1b-8438356164ca":{"scale":[1,1,1],"name":"camera","parent":"e8ae4254-6751-11e5-bd2a-8438356164ca","resource_id":"e8ae4acf-6751-11e5-8a1b-8438356164ca","labels":[],"enabled":true,"components":{"camera":{"orthoHeight":100,"offscreen":false,"clearDepthBuffer":true,"projection":0,"clearColor":[0.1568627450980392,0.23529411764705882,0.3137254901960784,1],"enabled":true,"fov":45,"priority":0,"farClip":1000,"nearClip":0.3,"rect":[0,0,1,1],"clearColorBuffer":true,"frustumCulling":false,"layers":[0,1,2,3,4]},"script":{"enabled":true,"order":["follow"],"scripts":{"follow":{"enabled":true,"attributes":{"target":"e8ae4f87-6751-11e5-b6f2-8438356164ca","distance":4}}}}},"position":[0,4.5,2],"rotation":[-45,45,-4.497983389694987e-15],"children":["e8ae5045-6751-11e5-b4ba-8438356164ca"],"template":null,"tags":[]},"e8ae43ee-6751-11e5-940f-8438356164ca":{"scale":[1,1,1],"name":"light-orange","parent":"e8ae4e82-6751-11e5-8a5f-8438356164ca","resource_id":"e8ae43ee-6751-11e5-940f-8438356164ca","labels":[],"enabled":true,"components":{"light":{"normalOffsetBias":0.4,"color":[0.8941176470588236,1,0.6392156862745098],"type":"spot","shadowResolution":1024,"outerConeAngle":60,"enabled":true,"range":14,"castShadows":true,"intensity":0.98,"innerConeAngle":15,"shadowBias":0.4,"shadowDistance":32,"falloffMode":1,"bake":false,"affectDynamic":true,"affectLightmapped":false,"shadowUpdateMode":2,"shadowType":0,"vsmBlurMode":0,"vsmBlurSize":5,"vsmBias":0.0025,"cookieAsset":null,"isStatic":false,"bakeDir":true,"cookieIntensity":1,"cookieFalloff":true,"cookieChannel":"rgb","cookieAngle":0,"cookieScale":[1,1],"cookieOffset":[0,0],"shape":0,"numCascades":1,"cascadeDistribution":0.5,"layers":[0]}},"position":[1.1801468133926392,5.688137054443359,1.4867581129074097],"rotation":[30,45,0],"children":[],"template":null,"tags":[]},"e8ae4887-6751-11e5-97f5-8438356164ca":{"scale":[1,1,1],"name":"start","parent":"e8ae461c-6751-11e5-b2b0-8438356164ca","resource_id":"e8ae4887-6751-11e5-97f5-8438356164ca","enabled":true,"components":{"rigidbody":{"linearDamping":0,"enabled":true,"friction":0.5,"mass":1,"angularDamping":0,"linearFactor":[1,1,1],"type":"static","angularFactor":[1,1,1],"restitution":0.5},"collision":{"enabled":true,"halfExtents":[0.5,0.5,0.5],"height":2,"radius":0.5,"asset":109363773,"type":"mesh","axis":1,"renderAsset":null}},"position":[0,1,3.2],"rotation":[180,0.000004829673343920149,180],"children":["4371ff57-87f8-4c26-89aa-c2abfdaf6aca"],"tags":[]},"13bdeb08-a3c1-4e69-9551-343c8bb3deed":{"scale":[0.5,0.05,0.5],"name":"teleport-b","parent":"e8ae5685-6751-11e5-8804-8438356164ca","resource_id":"13bdeb08-a3c1-4e69-9551-343c8bb3deed","enabled":true,"components":{"collision":{"enabled":true,"halfExtents":[0.5,0.5,0.5],"height":0.25,"radius":0.25,"asset":null,"type":"cylinder","axis":1,"renderAsset":null},"script":{"enabled":true,"order":["teleport"],"scripts":{"teleport":{"enabled":true,"attributes":{"target":"e8ae53fa-6751-11e5-a1e8-8438356164ca"}}}},"render":{"enabled":true,"type":"cylinder","asset":null,"materialAssets":[109363772],"layers":[0],"batchGroupId":null,"castShadows":true,"castShadowsLightmap":true,"receiveShadows":true,"lightmapped":false,"lightmapSizeMultiplier":1,"castShadowsLightMap":true,"lightMapped":false,"lightMapSizeMultiplier":1,"isStatic":false,"rootBone":null}},"position":[0,2.125,-2.75],"rotation":[0,0,0],"children":[],"tags":[]},"e8ae4b8a-6751-11e5-8f76-8438356164ca":{"scale":[1,1,1],"name":"plain","parent":"e8ae461c-6751-11e5-b2b0-8438356164ca","resource_id":"e8ae4b8a-6751-11e5-8f76-8438356164ca","enabled":true,"components":{"rigidbody":{"linearDamping":0,"enabled":true,"friction":0.5,"mass":1,"angularDamping":0,"linearFactor":[1,1,1],"type":"static","angularFactor":[1,1,1],"restitution":0.5},"collision":{"enabled":true,"halfExtents":[0.5,0.5,0.5],"height":2,"radius":0.5,"asset":109363769,"type":"mesh","axis":1,"renderAsset":null}},"position":[0,1,2.2],"rotation":[0,0,0],"children":["193fa37f-bece-4d3c-8f56-db1e2a14a61b"],"tags":[]},"e8ae5745-6751-11e5-9857-8438356164ca":{"scale":[1,1,1],"name":"light-blue","parent":"e8ae4e82-6751-11e5-8a5f-8438356164ca","resource_id":"e8ae5745-6751-11e5-9857-8438356164ca","labels":[],"enabled":true,"components":{"light":{"normalOffsetBias":0.4,"color":[0.47058823529411764,0.5647058823529412,1],"type":"spot","shadowResolution":1024,"outerConeAngle":50,"enabled":true,"range":18,"castShadows":true,"intensity":1,"innerConeAngle":5,"shadowBias":0.4,"shadowDistance":32,"falloffMode":0,"bake":false,"affectDynamic":true,"affectLightmapped":false,"shadowUpdateMode":2,"shadowType":0,"vsmBlurMode":0,"vsmBlurSize":5,"vsmBias":0.0025,"cookieAsset":null,"isStatic":false,"bakeDir":true,"cookieIntensity":1,"cookieFalloff":true,"cookieChannel":"rgb","cookieAngle":0,"cookieScale":[1,1],"cookieOffset":[0,0],"shape":0,"numCascades":1,"cascadeDistribution":0.5,"layers":[0]}},"position":[2.238307476043701,6.35945463180542,-8.104137420654297],"rotation":[-141.81529235839844,18.651432037353516,-177.36634826660156],"children":[],"template":null,"tags":[]},"fcbfffcf-35c0-4a83-a6fd-9ebd1230becb":{"enabled":true,"tags":[],"children":["d1bb13c6-f7f5-49a3-b5ff-9e3ba969feb6"],"position":[0,0,0],"rotation":[0,0,0],"scale":[0.031672383868642844,0.031672383868642844,0.031672383868642844],"resource_id":"fcbfffcf-35c0-4a83-a6fd-9ebd1230becb","name":"Sphere","components":{},"parent":"e8ae4f87-6751-11e5-b6f2-8438356164ca","template_ent_ids":{"fcbfffcf-35c0-4a83-a6fd-9ebd1230becb":"9e471baf-2877-4f4a-bb69-5861afe2b0c0","d1bb13c6-f7f5-49a3-b5ff-9e3ba969feb6":"16aadc7b-0163-46fd-ba80-97d516027c85"},"template_id":109363797},"d1bb13c6-f7f5-49a3-b5ff-9e3ba969feb6":{"enabled":true,"tags":[],"children":[],"position":[0,0,0],"rotation":[-90,0,0],"scale":[1,1,1],"resource_id":"d1bb13c6-f7f5-49a3-b5ff-9e3ba969feb6","name":"Sphere001","components":{"render":{"enabled":true,"type":"asset","asset":109363796,"materialAssets":[109363794],"layers":[0],"batchGroupId":null,"castShadows":true,"castShadowsLightmap":true,"receiveShadows":true,"lightmapped":false,"lightmapSizeMultiplier":1,"castShadowsLightMap":true,"lightMapped":false,"lightMapSizeMultiplier":1,"isStatic":false,"rootBone":null}},"parent":"fcbfffcf-35c0-4a83-a6fd-9ebd1230becb"},"193fa37f-bece-4d3c-8f56-db1e2a14a61b":{"enabled":true,"tags":[],"children":["6d040f69-8dd9-4197-b781-fd7ecc35d0a3"],"position":[0,0,0],"rotation":[0,0,0],"scale":[0.0254,0.0254,0.0254],"resource_id":"193fa37f-bece-4d3c-8f56-db1e2a14a61b","name":"Plane","components":{},"parent":"e8ae4b8a-6751-11e5-8f76-8438356164ca","template_ent_ids":{"193fa37f-bece-4d3c-8f56-db1e2a14a61b":"8d01008d-698f-41be-8464-0fcc4f33c845","6d040f69-8dd9-4197-b781-fd7ecc35d0a3":"33a63218-0c75-42d3-9570-12be5b67f4b9"},"template_id":109363793},"6d040f69-8dd9-4197-b781-fd7ecc35d0a3":{"enabled":true,"tags":[],"children":[],"position":[0,0,0],"rotation":[-90,0,0],"scale":[1,1,1],"resource_id":"6d040f69-8dd9-4197-b781-fd7ecc35d0a3","name":"Plane","components":{"render":{"enabled":true,"type":"asset","asset":109363791,"materialAssets":[109363789],"layers":[0],"batchGroupId":null,"castShadows":true,"castShadowsLightmap":true,"receiveShadows":true,"lightmapped":false,"lightmapSizeMultiplier":1,"castShadowsLightMap":true,"lightMapped":false,"lightMapSizeMultiplier":1,"isStatic":false,"rootBone":null}},"parent":"193fa37f-bece-4d3c-8f56-db1e2a14a61b"},"a081a45d-8471-4458-86c6-5b2a9e3184e9":{"enabled":true,"tags":[],"children":["00347efd-e7b7-41d3-93f5-111bccae6947"],"position":[0,0,0],"rotation":[0,0,0],"scale":[0.0254,0.0254,0.0254],"resource_id":"a081a45d-8471-4458-86c6-5b2a9e3184e9","name":"Plane","components":{},"parent":"13fdaa44-2b3f-4bf3-9f65-ba21411d13ab","template_ent_ids":{"a081a45d-8471-4458-86c6-5b2a9e3184e9":"8d01008d-698f-41be-8464-0fcc4f33c845","00347efd-e7b7-41d3-93f5-111bccae6947":"33a63218-0c75-42d3-9570-12be5b67f4b9"},"template_id":109363793},"00347efd-e7b7-41d3-93f5-111bccae6947":{"enabled":true,"tags":[],"children":[],"position":[0,0,0],"rotation":[-90,0,0],"scale":[1,1,1],"resource_id":"00347efd-e7b7-41d3-93f5-111bccae6947","name":"Plane","components":{"render":{"enabled":true,"type":"asset","asset":109363791,"materialAssets":[109363789],"layers":[0],"batchGroupId":null,"castShadows":true,"castShadowsLightmap":true,"receiveShadows":true,"lightmapped":false,"lightmapSizeMultiplier":1,"castShadowsLightMap":true,"lightMapped":false,"lightMapSizeMultiplier":1,"isStatic":false,"rootBone":null}},"parent":"a081a45d-8471-4458-86c6-5b2a9e3184e9"},"61d5256b-3cc9-412b-86c0-5fc92445a7fc":{"enabled":true,"tags":[],"children":["945d36cf-e750-4bef-a6ee-b92b72d8707d"],"position":[0,0,0],"rotation":[0,0,0],"scale":[0.0254,0.0254,0.0254],"resource_id":"61d5256b-3cc9-412b-86c0-5fc92445a7fc","name":"Plane","components":{},"parent":"75f1389b-0738-4a50-9e68-439ba7a65445","template_ent_ids":{"61d5256b-3cc9-412b-86c0-5fc92445a7fc":"8d01008d-698f-41be-8464-0fcc4f33c845","945d36cf-e750-4bef-a6ee-b92b72d8707d":"33a63218-0c75-42d3-9570-12be5b67f4b9"},"template_id":109363793},"945d36cf-e750-4bef-a6ee-b92b72d8707d":{"enabled":true,"tags":[],"children":[],"position":[0,0,0],"rotation":[-90,0,0],"scale":[1,1,1],"resource_id":"945d36cf-e750-4bef-a6ee-b92b72d8707d","name":"Plane","components":{"render":{"enabled":true,"type":"asset","asset":109363791,"materialAssets":[109363789],"layers":[0],"batchGroupId":null,"castShadows":true,"castShadowsLightmap":true,"receiveShadows":true,"lightmapped":false,"lightmapSizeMultiplier":1,"castShadowsLightMap":true,"lightMapped":false,"lightMapSizeMultiplier":1,"isStatic":false,"rootBone":null}},"parent":"61d5256b-3cc9-412b-86c0-5fc92445a7fc"},"e90d728c-88bd-4eb4-862f-94fc0ac7b131":{"enabled":true,"tags":[],"children":["52908e77-8b31-42f8-8f28-92b90fb3576f"],"position":[0,0,0],"rotation":[0,0,0],"scale":[0.0254,0.0254,0.0254],"resource_id":"e90d728c-88bd-4eb4-862f-94fc0ac7b131","name":"Plane","components":{},"parent":"0f35774b-3064-46d2-8b40-c31a13349711","template_ent_ids":{"e90d728c-88bd-4eb4-862f-94fc0ac7b131":"8d01008d-698f-41be-8464-0fcc4f33c845","52908e77-8b31-42f8-8f28-92b90fb3576f":"33a63218-0c75-42d3-9570-12be5b67f4b9"},"template_id":109363793},"52908e77-8b31-42f8-8f28-92b90fb3576f":{"enabled":true,"tags":[],"children":[],"position":[0,0,0],"rotation":[-90,0,0],"scale":[1,1,1],"resource_id":"52908e77-8b31-42f8-8f28-92b90fb3576f","name":"Plane","components":{"render":{"enabled":true,"type":"asset","asset":109363791,"materialAssets":[109363789],"layers":[0],"batchGroupId":null,"castShadows":true,"castShadowsLightmap":true,"receiveShadows":true,"lightmapped":false,"lightmapSizeMultiplier":1,"castShadowsLightMap":true,"lightMapped":false,"lightMapSizeMultiplier":1,"isStatic":false,"rootBone":null}},"parent":"e90d728c-88bd-4eb4-862f-94fc0ac7b131"},"4371ff57-87f8-4c26-89aa-c2abfdaf6aca":{"enabled":true,"tags":[],"children":["69a17f4d-c219-44dd-aba5-29eacb13d986"],"position":[0,0,0],"rotation":[0,0,0],"scale":[0.0254,0.0254,0.0254],"resource_id":"4371ff57-87f8-4c26-89aa-c2abfdaf6aca","name":"Arrow","components":{},"parent":"e8ae4887-6751-11e5-97f5-8438356164ca","template_ent_ids":{"4371ff57-87f8-4c26-89aa-c2abfdaf6aca":"636b5988-fcea-4c96-86b7-868d12c7196f","69a17f4d-c219-44dd-aba5-29eacb13d986":"4a2c494a-bcc8-4a5e-b86b-38da6e759620"},"template_id":109363787},"69a17f4d-c219-44dd-aba5-29eacb13d986":{"enabled":true,"tags":[],"children":[],"position":[0,0,0],"rotation":[-90,0,0],"scale":[1,1,1],"resource_id":"69a17f4d-c219-44dd-aba5-29eacb13d986","name":"Arrow","components":{"render":{"enabled":true,"type":"asset","asset":109363786,"materialAssets":[109363784],"layers":[0],"batchGroupId":null,"castShadows":true,"castShadowsLightmap":true,"receiveShadows":true,"lightmapped":false,"lightmapSizeMultiplier":1,"castShadowsLightMap":true,"lightMapped":false,"lightMapSizeMultiplier":1,"isStatic":false,"rootBone":null}},"parent":"4371ff57-87f8-4c26-89aa-c2abfdaf6aca"},"cc0d663c-5553-49f7-bf09-34ce12d81bed":{"enabled":true,"tags":[],"children":["ecdb3213-431d-41f3-95a2-89ee53c19236"],"position":[0,0,0],"rotation":[0,0,0],"scale":[0.0254,0.0254,0.0254],"resource_id":"cc0d663c-5553-49f7-bf09-34ce12d81bed","name":"Arrow","components":{},"parent":"0a8850b3-9d68-46d9-90ca-a7db4f407c66","template_ent_ids":{"cc0d663c-5553-49f7-bf09-34ce12d81bed":"636b5988-fcea-4c96-86b7-868d12c7196f","ecdb3213-431d-41f3-95a2-89ee53c19236":"4a2c494a-bcc8-4a5e-b86b-38da6e759620"},"template_id":109363787},"ecdb3213-431d-41f3-95a2-89ee53c19236":{"enabled":true,"tags":[],"children":[],"position":[0,0,0],"rotation":[-90,0,0],"scale":[1,1,1],"resource_id":"ecdb3213-431d-41f3-95a2-89ee53c19236","name":"Arrow","components":{"render":{"enabled":true,"type":"asset","asset":109363786,"materialAssets":[109363784],"layers":[0],"batchGroupId":null,"castShadows":true,"castShadowsLightmap":true,"receiveShadows":true,"lightmapped":false,"lightmapSizeMultiplier":1,"castShadowsLightMap":true,"lightMapped":false,"lightMapSizeMultiplier":1,"isStatic":false,"rootBone":null}},"parent":"cc0d663c-5553-49f7-bf09-34ce12d81bed"}},"checkpoint_id":"96cb30cb-930c-499c-b9fd-b89710d5800c","_type":"http://sharejs.org/types/JSONv0","_v":1,"_m":{"ctime":1443603719840.8662,"mtime":1629113788205},"_o":"611a4dbc99e89a53ab9d8ac3","branch_id":"49567c46-6c2a-42af-897a-8ad3e7eefae6","id":"1581203"}}