{"materialInfo":{"version":1,"textures":[{"name":"Map #38","uri":"F:\\PlayCanvas\\Platform\\Sphere.png","addressu":"repeat","addressv":"repeat","minfilter":"linear_mip_linear","magfilter":"linear","anisotropy":1}],"materials":[{"name":"Material #353","shader":"phong","parameters":[{"name":"ambient","type":"vec3","data":[0.588,0.588,0.588]},{"name":"diffuse","type":"vec3","data":[0.588,0.588,0.588]},{"name":"diffuseMap","type":"texture","data":0},{"name":"diffuseMapOffset","type":"vec2","data":[0,0]},{"name":"diffuseMapTiling","type":"vec2","data":[1,1]},{"name":"diffuseMapRotation","type":"vec3","data":[0,0,0]},{"name":"specular","type":"vec3","data":[0,0,0]},{"name":"shininess","type":"float","data":9.09091},{"name":"emissive","type":"vec3","data":[0,0,0]},{"name":"opacity","type":"float","data":1}]}],"mappings":[{"material":0}]}}